{"cameraMode":{"drawMode":0,"name":"Shaded","section":"Shading Mode"},"sceneLighting":true,"audioPlay":false,"sceneViewState":{"m_AlwaysRefresh":false,"showFog":true,"showSkybox":true,"showFlares":true,"showImageEffects":true,"showParticleSystems":true,"showVisualEffectGraphs":true,"m_FxEnabled":true},"in2DMode":false,"pivot":{"x":15.995437622070313,"y":-13.52642822265625,"z":77.67167663574219},"rotation":{"x":-0.02287367731332779,"y":-0.49896079301834109,"z":-0.013175695203244686,"w":0.8662256598472595},"size":113.43799591064453,"orthographic":false}