{"cameraMode":{"drawMode":0,"name":"Shaded","section":"Shading Mode"},"sceneLighting":true,"audioPlay":false,"sceneViewState":{"m_AlwaysRefresh":false,"showFog":true,"showSkybox":true,"showFlares":true,"showImageEffects":true,"showParticleSystems":true,"showVisualEffectGraphs":true,"m_FxEnabled":true},"in2DMode":false,"pivot":{"x":95.32571411132813,"y":156.84877014160157,"z":191.2401123046875},"rotation":{"x":-0.039308078587055209,"y":-0.46398022770881655,"z":-0.020614417269825937,"w":0.8847360610961914},"size":310.1487731933594,"orthographic":false}